{
  "mode": 2,
  "expression": "z*z+c",
  "iterations": 256,
  "escapeRadius": 2.000000000000000000,
  "isJulia": false,
  "fastMode": true,
  "showLake": true,
  "ignore_it": false,
  "offsetX": 0.000000000000000000,
  "offsetY": 0.000000000000000000,
  "zoom": 0.800000000000000044,
  "renderWidth": 1024,
  "renderHeight": 1024,
  "renderResMultiplier": 1,
  "lakeGradCount": 72,
  "outGradCount": 72,
  "juliaC": [-0.800000011920928955, 0.159999996423721313, 0.000000000000000000, 0.000000000000000000, 0.000000000000000000, 0.000000000000000000, 0.000000000000000000, 0.000000000000000000],
  "zInit": [0.000000000000000000, 0.000000000000000000, 0.000000000000000000, 0.000000000000000000, 0.000000000000000000, 0.000000000000000000, 0.000000000000000000, 0.000000000000000000],
  "seedOut": ["0x050505", "0x00ffff", "0xff00ff", "0xffffff", "0x000033", "0x004488", "0x6600aa", "0x222222"],
  "seedLake": ["0x000000", "0x711c91", "0x004455", "0xccffff", "0x002244", "0x000011", "0x00657b", "0x711c91"]
}